{"cameraMode":{"drawMode":0,"name":"Shaded","section":"Shading Mode"},"sceneLighting":true,"audioPlay":false,"sceneViewState":{"m_AlwaysRefresh":false,"showFog":true,"showSkybox":true,"showFlares":true,"showImageEffects":true,"showParticleSystems":true,"showVisualEffectGraphs":true,"m_FxEnabled":true},"in2DMode":false,"pivot":{"x":-1.8124549388885499,"y":2.0829553604125978,"z":-9.169378280639649},"rotation":{"x":-0.26120632886886599,"y":0.0165034681558609,"z":-0.0044641997665166859,"w":-0.9651373028755188},"size":20.126567840576173,"orthographic":false}